<?xml version="1.0" encoding="UTF-8"?>
<project-private xmlns="http://www.netbeans.org/ns/project-private/1">
    <editor-bookmarks xmlns="http://www.netbeans.org/ns/editor-bookmarks/2" lastBookmarkId="0"/>
    <open-files xmlns="http://www.netbeans.org/ns/projectui-open-files/2">
        <group>
            <file>file:/Users/JosueMoralesCruz/Documents/FlappyBird%20(Project)/FlappyBird%20(Project)/src/FisicaDelJuego/Movimiento_Flappy.java</file>
            <file>file:/Users/JosueMoralesCruz/Documents/FlappyBird%20(Project)/FlappyBird%20(Project)/src/Interfaz/Juego.java</file>
            <file>file:/Users/JosueMoralesCruz/Documents/FlappyBird%20(Project)/FlappyBird%20(Project)/src/FisicaDelJuego/Movimiento_Tubos.java</file>
        </group>
    </open-files>
</project-private>
